# Name,    Type, SubType,  Offset,  Size
#
# 8 MB flash. The app must start at 0x10000, so everything before it has to fit
# in 0x9000..0x10000. PROJECT.md section 5 gave nvs 0x6000 with otadata straight
# after, which ends at 0x11000 and overlaps app0 — the generator caught it on
# the first real build ("Partitions overlap"). nvs is now 0x4000 (16 KiB: WiFi
# calibration plus this project's settings) so otadata lands exactly on 0x10000.
nvs,       data, nvs,      0x9000,  0x4000
otadata,   data, ota,      0xd000,  0x2000
app0,      app,  ota_0,    0x10000, 0x280000
app1,      app,  ota_1,    ,        0x280000
storage,   data, littlefs, ,        0x2C0000
